{"Learning_Rate": 3.752413921111602e-06, "train_LOSS": 0.0014417529081886945, "train_ACC": 0.999157184997893, "train_F1Score": 0.999128160418483, "train_RECALL": 0.999128160418483, "_timestamp": 1712216965.6833923, "valid_LOSS": 0.659742827705486, "valid_ACC": 0.8888888888888888, "valid_F1Score": 0.804733727810651, "valid_RECALL": 0.7472527472527473, "_runtime": 3021.570409297943, "_step": 63}