{"Learning_Rate": 1.1598222130000557e-05, "train_LOSS": 0.576299706697464, "train_ACC": 0.9751474304970514, "train_F1Score": 0.9752666327407746, "train_RECALL": 0.9751474304970514, "_timestamp": 1712213057.367581, "valid_LOSS": 0.6508811178960299, "valid_ACC": 0.8956228956228957, "valid_F1Score": 0.8909751034840642, "valid_RECALL": 0.8956228956228957, "_runtime": 1743.3429989814758, "_step": 41}