{"Learning_Rate": 7.30977265128775e-06, "train_LOSS": 0.5195917169086072, "train_ACC": 0.9523809523809523, "train_F1Score": 0.9523295000774873, "train_RECALL": [0.9923142613151152, 0.913477537437604], "_timestamp": 1712344015.9268875, "valid_LOSS": 0.6331688746025688, "valid_ACC": 0.8720538720538721, "valid_F1Score": 0.8671176788460739, "valid_RECALL": [0.9563106796116505, 0.6813186813186813], "_runtime": 5435.710965394974, "_step": 50, "_wandb": {"runtime": 5434}}