{"Learning_Rate": 7.30977265128775e-06, "train_LOSS": 0.5600942814350128, "train_ACC": 0.991575400168492, "train_F1Score": 0.9915837423778917, "train_RECALL": 0.991575400168492, "_timestamp": 1711507844.5609286, "valid_LOSS": 0.6543472503360949, "valid_ACC": 0.898989898989899, "valid_F1Score": 0.8945068656941485, "valid_RECALL": 0.898989898989899, "_runtime": 3863.7027344703674, "_step": 50, "_wandb": {"runtime": 3864}}