{"Learning_Rate": 9.5e-05, "train_LOSS": 0.9660486519336701, "train_ACC": 0.5772631578947368, "train_F1Score": 0.5779846853321227, "train_RECALL": 0.5772631578947368, "_timestamp": 1712201317.2149785, "valid_LOSS": 0.8139962036358682, "valid_ACC": 0.7777777777777778, "valid_F1Score": 0.7769353061861246, "valid_RECALL": 0.7777777777777778, "_runtime": 45.45007348060608, "_step": 0}