{"Learning_Rate": 3.752413921111602e-06, "train_LOSS": 0.5607758498191834, "train_ACC": 0.9911541701769166, "train_F1Score": 0.9911608322299416, "train_RECALL": 0.9911541701769166, "_timestamp": 1711524277.3756714, "valid_LOSS": 0.6809992680424138, "valid_ACC": 0.8619528619528619, "valid_F1Score": 0.8505981195351682, "valid_RECALL": 0.8619528619528619, "_runtime": 4820.0306894779205, "_step": 63, "_wandb": {"runtime": 4818}}