{"Learning_Rate": 2.1343733845877514e-06, "train_LOSS": 0.0012962029965516801, "train_ACC": 0.9995787700084247, "train_F1Score": 0.9995787724753483, "train_RECALL": [0.9991694352159468, 1.0], "_timestamp": 1712280992.1396937, "valid_LOSS": 0.6825216983543214, "valid_ACC": 0.8720538720538721, "valid_F1Score": 0.8688251845528842, "valid_RECALL": [0.941747572815534, 0.7142857142857143], "_runtime": 2305.4795236587524, "_step": 74}