{"Learning_Rate": 7.30977265128775e-06, "train_LOSS": 0.5142651423185813, "train_ACC": 0.966708807416772, "train_F1Score": 0.9666872190596555, "train_RECALL": [0.9974468085106383, 0.9365609348914858], "_timestamp": 1712337954.9650378, "valid_LOSS": 0.6243728054197211, "valid_ACC": 0.8888888888888888, "valid_F1Score": 0.883789970842671, "valid_RECALL": [0.9757281553398058, 0.6923076923076923], "_runtime": 4309.499520778656, "_step": 50, "_wandb": {"runtime": 4308}}