{"Learning_Rate": 7.350918906249998e-05, "train_LOSS": 0.6985235238075256, "train_ACC": 0.8542544229149115, "train_F1Score": 0.8544440101798327, "train_RECALL": 0.8542544229149115, "_timestamp": 1711445109.1513412, "valid_LOSS": 0.7325326627806613, "valid_ACC": 0.8316498316498316, "valid_F1Score": 0.8245871300416755, "valid_RECALL": 0.8316498316498316, "_runtime": 430.866512298584, "_step": 5}