{"Learning_Rate": 4.849452524942311e-06, "train_LOSS": -17.76494487126668, "train_ACC": 0.6714406065711879, "train_F1Score": 0.5611618297470441, "train_RECALL": [0.9987325728770595, 0.9962917181705809, 0.0], "_timestamp": 1712223209.2357767, "valid_LOSS": 1.0278955807034016, "valid_ACC": 0.8686868686868687, "valid_F1Score": 0.8605597121003283, "valid_RECALL": [0.9757281553398058, 0.6263736263736264], "_runtime": 2135.2851796150208, "_step": 58}