{"Learning_Rate": 5.6561627350252934e-06, "train_LOSS": -17.794839572906493, "train_ACC": 0.6676495366470092, "train_F1Score": 0.5585998577733295, "train_RECALL": [0.9938574938574939, 0.9987129987129987, 0.0], "_timestamp": 1712223101.52026, "valid_LOSS": 1.043864170155422, "valid_ACC": 0.8720538720538721, "valid_F1Score": 0.8637696725932021, "valid_RECALL": [0.9805825242718447, 0.6263736263736264], "_runtime": 2027.5696630477905, "_step": 55}