{"Learning_Rate": 4.157799358572413e-06, "train_LOSS": -41.275925127665204, "train_ACC": 0.6175231676495366, "train_F1Score": 0.5113610933843264, "train_RECALL": [0.9393139841688655, 0.921760391198044, 0.0], "_timestamp": 1712224911.3425076, "valid_LOSS": 0.917038985282967, "valid_ACC": 0.835016835016835, "valid_F1Score": 0.831855530126029, "valid_RECALL": [0.9077669902912622, 0.6703296703296703], "_runtime": 1610.1525075435638, "_step": 61}