{"Learning_Rate": 7.30977265128775e-06, "train_LOSS": 0.5109566169626573, "train_ACC": 0.9646166807076664, "train_F1Score": 0.9646176098861954, "train_RECALL": [0.9956483899042646, 0.9355102040816327], "_timestamp": 1712337729.8397038, "valid_LOSS": 0.6203976218637667, "valid_ACC": 0.9023569023569024, "valid_F1Score": 0.8983566629916664, "valid_RECALL": [0.9805825242718447, 0.7252747252747253], "_runtime": 4079.559688806534, "_step": 50, "_wandb": {"runtime": 4078}}