{"Learning_Rate": 5.920529220333998e-07, "train_LOSS": 0.0008202696356420347, "train_ACC": 1.0, "train_F1Score": 1.0, "train_RECALL": [1.0, 1.0], "_timestamp": 1712244724.674627, "valid_LOSS": 0.7046417575469167, "valid_ACC": 0.8922558922558923, "valid_F1Score": 0.8915632848217118, "valid_RECALL": [0.9320388349514563, 0.8021978021978022], "_runtime": 3138.690765142441, "_step": 99, "_wandb": {"runtime": 3137}}