{"Learning_Rate": 5.920529220333998e-07, "train_LOSS": 0.0008462564864809489, "train_ACC": 1.0, "train_F1Score": 1.0, "train_RECALL": [1.0, 1.0], "_timestamp": 1712228504.627737, "valid_LOSS": 0.8188351011573511, "valid_ACC": 0.8686868686868687, "valid_F1Score": 0.8645240281603918, "valid_RECALL": [0.9466019417475728, 0.6923076923076923], "_runtime": 3201.8448910713196, "_step": 99, "_wandb": {"runtime": 3200}}