{"Learning_Rate": 7.30977265128775e-06, "train_LOSS": 0.5196933463341048, "train_ACC": 0.9646166807076664, "train_F1Score": 0.9645673359039939, "train_RECALL": [0.9958437240232751, 0.932536293766012], "_timestamp": 1712343658.4183588, "valid_LOSS": 0.6329373623195448, "valid_ACC": 0.8653198653198653, "valid_F1Score": 0.8565996553612653, "valid_RECALL": [0.9757281553398058, 0.6153846153846154], "_runtime": 5072.289148807526, "_step": 50, "_wandb": {"runtime": 5071}}