{"Learning_Rate": 3.949909390643792e-06, "train_LOSS": 0.5890014839172363, "train_ACC": 0.9629317607413648, "train_F1Score": 0.9629998704122903, "train_RECALL": 0.9629317607413648, "_timestamp": 1711468523.077013, "valid_LOSS": 0.6950108189331857, "valid_ACC": 0.8451178451178452, "valid_F1Score": 0.8353719125822342, "valid_RECALL": 0.8451178451178452, "_runtime": 4217.109656095505, "_step": 62, "_wandb": {"runtime": 4216}}