{"Learning_Rate": 8.874296289392981e-08, "train_LOSS": 0.5894880962371826, "train_ACC": 0.9637742207245156, "train_F1Score": 0.9638527270791242, "train_RECALL": 0.9637742207245156, "_timestamp": 1711478124.5375624, "valid_LOSS": 0.7021361824713255, "valid_ACC": 0.8451178451178452, "valid_F1Score": 0.8437738247025363, "valid_RECALL": 0.8451178451178452, "_runtime": 9294.620139360428, "_step": 136, "_wandb": {"runtime": 9294}}