{"Learning_Rate": 1.095663679740604e-06, "train_LOSS": 0.57387845993042, "train_ACC": 0.9772535804549284, "train_F1Score": 0.9773843910698645, "train_RECALL": 0.9772535804549284, "_timestamp": 1711503678.0521572, "valid_LOSS": 0.6549723007177052, "valid_ACC": 0.8956228956228957, "valid_F1Score": 0.8912059861629584, "valid_RECALL": 0.8956228956228957, "_runtime": 5806.7898280620575, "_step": 87, "_wandb": {"runtime": 5805}}