{"_wandb": {"runtime": 41}, "Learning_Rate": 9.5e-05, "train_LOSS": -0.18855124684632757, "train_ACC": 0.3226621735467565, "train_F1Score": 0.1597594703478374, "train_RECALL": [0.0037831021437578815, 0.9960835509138382, 0.0], "_timestamp": 1712220895.5769575, "_runtime": 40.24442648887634, "_step": 0}