{"Learning_Rate": 3.564793225056022e-06, "train_LOSS": 0.5639314436912537, "train_ACC": 0.9882055602358888, "train_F1Score": 0.9882123462042288, "train_RECALL": 0.9882055602358888, "_timestamp": 1711455251.1511843, "valid_LOSS": 0.6888957368700128, "valid_ACC": 0.8552188552188552, "valid_F1Score": 0.8481544371500207, "valid_RECALL": 0.8552188552188552, "_runtime": 5548.623903274536, "_step": 64, "_wandb": {"runtime": 5549}}