{"Learning_Rate": 1.651537438501358e-06, "train_LOSS": 0.5682652187347412, "train_ACC": 0.9827295703454086, "train_F1Score": 0.9827441600621912, "train_RECALL": 0.9827295703454086, "_timestamp": 1712208295.7965512, "valid_LOSS": 0.662858352849358, "valid_ACC": 0.9057239057239057, "valid_F1Score": 0.9030098153715825, "valid_RECALL": 0.9057239057239057, "_runtime": 3360.4311423301697, "_step": 79, "_wandb": {"runtime": 3359}}