{"Learning_Rate": 5.920529220333998e-07, "train_LOSS": 0.0019283329856686275, "train_ACC": 0.9991575400168492, "train_F1Score": 0.9991575400168492, "train_RECALL": [0.9991496598639455, 0.9991652754590985], "_timestamp": 1712249778.2481527, "valid_LOSS": 1.1648580378819755, "valid_ACC": 0.8552188552188552, "valid_F1Score": 0.844554333521983, "valid_RECALL": [0.9757281553398058, 0.5824175824175825], "_runtime": 2547.298535823822, "_step": 99, "_wandb": {"runtime": 2546}}