{"Learning_Rate": 2.039068257457904e-05, "train_LOSS": 0.5261429299910864, "train_ACC": 0.9540859309182814, "train_F1Score": 0.9539670240286546, "train_RECALL": [0.9942434210526315, 0.9119170984455959], "_timestamp": 1712330135.1648757, "valid_LOSS": 0.629797560603995, "valid_ACC": 0.8787878787878788, "valid_F1Score": 0.8741114852225963, "valid_RECALL": [0.9611650485436893, 0.6923076923076923], "_runtime": 991.9393746852875, "_step": 30, "_wandb": {"runtime": 991}}