{"Learning_Rate": 1.651537438501358e-06, "train_LOSS": 0.5666000652313232, "train_ACC": 0.9848357203032856, "train_F1Score": 0.9849081932715206, "train_RECALL": 0.9848357203032856, "_timestamp": 1712204665.2523367, "valid_LOSS": 0.6690702469725358, "valid_ACC": 0.8821548821548821, "valid_F1Score": 0.8765241329505101, "valid_RECALL": 0.8821548821548821, "_runtime": 3272.098803758621, "_step": 79, "_wandb": {"runtime": 3271}}