{"Learning_Rate": 8.573749999999999e-05, "train_LOSS": 0.41196926633516945, "train_ACC": 0.8171091445427728, "train_F1Score": 0.8065953654188948, "train_RECALL": 0.7924693520140105, "_timestamp": 1712213862.7921977, "valid_LOSS": 0.3941711579498492, "valid_ACC": 0.8215488215488216, "valid_F1Score": 0.6826347305389222, "valid_RECALL": 0.6263736263736264, "_runtime": 145.90262961387634, "_step": 2}