{"Learning_Rate": 7.30977265128775e-06, "train_LOSS": 0.5638558626174927, "train_ACC": 0.987363100252738, "train_F1Score": 0.9873922054868844, "train_RECALL": 0.987363100252738, "_timestamp": 1711449304.696312, "valid_LOSS": 0.7013777086609289, "valid_ACC": 0.8653198653198653, "valid_F1Score": 0.8587418974323735, "valid_RECALL": 0.8653198653198653, "_runtime": 3618.527107000351, "_step": 50, "_wandb": {"runtime": 3619}}