{"Learning_Rate": 6.5970698177871935e-06, "train_LOSS": 0.5687480413913727, "train_ACC": 0.9839932603201348, "train_F1Score": 0.9840274368770061, "train_RECALL": 0.9839932603201348, "_timestamp": 1711463690.5000775, "valid_LOSS": 0.6800109383307005, "valid_ACC": 0.8585858585858586, "valid_F1Score": 0.8545238158583197, "valid_RECALL": 0.8585858585858586, "_runtime": 4378.900977373123, "_step": 52, "_wandb": {"runtime": 4379}}