{"Learning_Rate": 7.30977265128775e-06, "train_LOSS": 0.5253395671103182, "train_ACC": 0.9397387273493468, "train_F1Score": 0.9395837675387796, "train_RECALL": [0.9940577249575552, 0.8861924686192468], "_timestamp": 1712344182.878793, "valid_LOSS": 0.6304371647144619, "valid_ACC": 0.8720538720538721, "valid_F1Score": 0.8644934190388736, "valid_RECALL": [0.9757281553398058, 0.6373626373626373], "_runtime": 5607.246299028397, "_step": 50, "_wandb": {"runtime": 5606}}