{"Learning_Rate": 1.2851215656510312e-05, "train_LOSS": 0.5194308439890544, "train_ACC": 0.9629317607413648, "train_F1Score": 0.962874477584463, "train_RECALL": [0.9974979149291076, 0.9276595744680851], "_timestamp": 1712323044.5943906, "valid_LOSS": 0.6325315597810244, "valid_ACC": 0.8653198653198653, "valid_F1Score": 0.855807322473989, "valid_RECALL": [0.9805825242718447, 0.6043956043956044], "_runtime": 1281.0017306804657, "_step": 39}