{"Learning_Rate": 7.30977265128775e-06, "train_LOSS": 0.5233346982663419, "train_ACC": 0.9515381373788453, "train_F1Score": 0.9514477931071363, "train_RECALL": [0.9924496644295302, 0.9102455546147333], "_timestamp": 1712338073.4719973, "valid_LOSS": 0.6322688240753976, "valid_ACC": 0.8754208754208754, "valid_F1Score": 0.8709060724775356, "valid_RECALL": [0.9563106796116505, 0.6923076923076923], "_runtime": 4434.481781244278, "_step": 50, "_wandb": {"runtime": 4433}}