{"Learning_Rate": 2.3782688525533216e-05, "train_LOSS": 0.5194854895273845, "train_ACC": 0.9654591406908172, "train_F1Score": 0.9654068564233331, "train_RECALL": [0.9975103734439834, 0.932420872540633], "_timestamp": 1712331222.9049063, "valid_LOSS": 0.636904557284556, "valid_ACC": 0.8686868686868687, "valid_F1Score": 0.8645240281603918, "valid_RECALL": [0.9466019417475728, 0.6923076923076923], "_runtime": 854.986141204834, "_step": 27}